{
    "taping": {
        "prob_analysis": {
            "gt_positive": {
                "mean_probability": 0.8807229700340055,
                "median": 0.9904075264930725,
                "std": 0.24504398846802755,
                "min": 1.2222035365994088e-05,
                "max": 0.9999969005584717,
                "threshold_captures": {
                    "threshold_0.3": 93.23682078130051,
                    "threshold_0.4": 91.80248256214988,
                    "threshold_0.5": 90.27733341145027,
                    "threshold_0.6": 88.57525399063849,
                    "threshold_0.7": 86.5107699903437
                }
            },
            "gt_negative": {
                "mean_probability": 0.05043737138594228,
                "median": 3.1316860258812085e-05,
                "threshold_false_pos_rate": {
                    "threshold_0.3": 5.856930693069307,
                    "threshold_0.4": 5.070792079207921,
                    "threshold_0.5": 4.422277227722772
                }
            }
        }
    },
    "cracks": {
        "prob_analysis": {
            "gt_positive": {
                "mean_probability": 0.6985207812098824,
                "median": 0.9330885410308838,
                "std": 0.38051629064169,
                "min": 7.395638590423914e-08,
                "max": 0.999875545501709,
                "threshold_captures": {
                    "threshold_0.3": 76.60183180721928,
                    "threshold_0.4": 74.30507621555073,
                    "threshold_0.5": 72.07986199711436,
                    "threshold_0.6": 69.67438327314717,
                    "threshold_0.7": 66.75981312697182
                }
            },
            "gt_negative": {
                "mean_probability": 0.020099384972383807,
                "median": 3.2400752388639376e-05,
                "threshold_false_pos_rate": {
                    "threshold_0.3": 2.291044776119403,
                    "threshold_0.4": 2.0034825870646764,
                    "threshold_0.5": 1.7731343283582088
                }
            }
        }
    },
    "threshold_sweep": {
        "taping": {
            "best_threshold": 0.1,
            "best_iou": 0.9626,
            "sweep_results": [
                {
                    "threshold": 0.1,
                    "iou": 0.9626,
                    "tp_percent": 96.4,
                    "fp_percent": 8.8
                },
                {
                    "threshold": 0.15,
                    "iou": 0.9539,
                    "tp_percent": 95.5,
                    "fp_percent": 7.7
                },
                {
                    "threshold": 0.2,
                    "iou": 0.9459,
                    "tp_percent": 94.7,
                    "fp_percent": 6.9
                },
                {
                    "threshold": 0.25,
                    "iou": 0.9386,
                    "tp_percent": 94.0,
                    "fp_percent": 6.3
                },
                {
                    "threshold": 0.3,
                    "iou": 0.9315,
                    "tp_percent": 93.2,
                    "fp_percent": 5.9
                },
                {
                    "threshold": 0.35,
                    "iou": 0.9245,
                    "tp_percent": 92.5,
                    "fp_percent": 5.4
                },
                {
                    "threshold": 0.4,
                    "iou": 0.9173,
                    "tp_percent": 91.8,
                    "fp_percent": 5.1
                },
                {
                    "threshold": 0.45,
                    "iou": 0.91,
                    "tp_percent": 91.1,
                    "fp_percent": 4.8
                },
                {
                    "threshold": 0.5,
                    "iou": 0.9022,
                    "tp_percent": 90.3,
                    "fp_percent": 4.4
                },
                {
                    "threshold": 0.55,
                    "iou": 0.8939,
                    "tp_percent": 89.4,
                    "fp_percent": 4.1
                },
                {
                    "threshold": 0.6,
                    "iou": 0.8852,
                    "tp_percent": 88.6,
                    "fp_percent": 3.9
                },
                {
                    "threshold": 0.65,
                    "iou": 0.8755,
                    "tp_percent": 87.6,
                    "fp_percent": 3.6
                },
                {
                    "threshold": 0.7,
                    "iou": 0.8647,
                    "tp_percent": 86.5,
                    "fp_percent": 3.3
                },
                {
                    "threshold": 0.75,
                    "iou": 0.8519,
                    "tp_percent": 85.2,
                    "fp_percent": 3.0
                }
            ]
        },
        "cracks": {
            "best_threshold": 0.1,
            "best_iou": 0.8254,
            "sweep_results": [
                {
                    "threshold": 0.1,
                    "iou": 0.8254,
                    "tp_percent": 82.7,
                    "fp_percent": 3.4
                },
                {
                    "threshold": 0.15,
                    "iou": 0.8062,
                    "tp_percent": 80.7,
                    "fp_percent": 3.0
                },
                {
                    "threshold": 0.2,
                    "iou": 0.7908,
                    "tp_percent": 79.2,
                    "fp_percent": 2.7
                },
                {
                    "threshold": 0.25,
                    "iou": 0.7775,
                    "tp_percent": 77.8,
                    "fp_percent": 2.5
                },
                {
                    "threshold": 0.3,
                    "iou": 0.7652,
                    "tp_percent": 76.6,
                    "fp_percent": 2.3
                },
                {
                    "threshold": 0.35,
                    "iou": 0.7536,
                    "tp_percent": 75.4,
                    "fp_percent": 2.1
                },
                {
                    "threshold": 0.4,
                    "iou": 0.7423,
                    "tp_percent": 74.3,
                    "fp_percent": 2.0
                },
                {
                    "threshold": 0.45,
                    "iou": 0.7314,
                    "tp_percent": 73.2,
                    "fp_percent": 1.9
                },
                {
                    "threshold": 0.5,
                    "iou": 0.7202,
                    "tp_percent": 72.1,
                    "fp_percent": 1.8
                },
                {
                    "threshold": 0.55,
                    "iou": 0.7087,
                    "tp_percent": 70.9,
                    "fp_percent": 1.7
                },
                {
                    "threshold": 0.6,
                    "iou": 0.6962,
                    "tp_percent": 69.7,
                    "fp_percent": 1.6
                },
                {
                    "threshold": 0.65,
                    "iou": 0.6827,
                    "tp_percent": 68.3,
                    "fp_percent": 1.4
                },
                {
                    "threshold": 0.7,
                    "iou": 0.6672,
                    "tp_percent": 66.8,
                    "fp_percent": 1.3
                },
                {
                    "threshold": 0.75,
                    "iou": 0.6492,
                    "tp_percent": 65.0,
                    "fp_percent": 1.2
                }
            ]
        }
    }
}